,Country,Continent,1979,1980,1981,1982,1983,1984,1985,1986,1987,1988,1989,1990,1991,1992,1993,1994,1995,1996,1997,1998,1999,2000,2001,2002,2003,2004,2005,2006,2007,2008,2009,2010,2011
0,Abkhazia,OTHER,,,,,,,,,,,,,,,,,,,,,,,,,,,,,,,,,
1,Afghanistan,ASIA,,,,,,,,,,,,,,,,,,,,,,,,,,,,,,,0.06,0.06,0.06
2,Akrotiri and Dhekelia,OTHER,,,,,,,,,,,,,,,,,,,,,,,,,,,,,,,,,
3,Albania,EUROPE,,,,,,,,,,,,,,,,,,,,,,,,,,,,,,,,,
4,Algeria,AFRICA,,,,,,,,,,,,0.06,0.06,0.06,0.06,0.06,0.06,0.06,0.06,0.06,0.06,0.06,0.06,0.06,0.06,0.1,0.1,0.1,0.1,0.1,,,
5,American Samoa,OCEANIA,,,,,,,,,,,,,,,,,,,,,,,,,,,,,,,,,
6,Andorra,EUROPE,,,,,,,,,,,,,,,,,,,,,,,,,,,,,,,,,
7,Angola,AFRICA,0.026527865,,,,,,,,,,,0.5,0.8,1.0,1.2,1.4,1.6,1.7,1.8,1.8,1.9,1.9,1.9,1.9,1.9,1.9,1.9,1.9,1.9,2.0,2.1,2.1,2.1
8,Anguilla,NORTH AMERICA,,,,,,,,,,,,,,,,,,,,,,,,,,,,,,,,,
9,Antigua and Barbuda,NORTH AMERICA,,,,,,,,,,,,,,,,,,,,,,,,,,,,,,,,,
10,Argentina,SOUTH AMERICA,0.02050798,,,,,,,,,,,0.3,0.3,0.3,0.3,0.3,0.3,0.3,0.3,0.3,0.3,0.4,0.4,0.4,0.4,0.4,0.4,0.4,0.4,0.5,0.4,0.4,0.4
11,Armenia,ASIA,,,,,,,,,,,,0.06,0.06,0.06,0.06,0.06,0.06,0.06,0.06,0.1,0.1,0.1,0.1,0.1,0.1,0.1,0.1,0.1,0.1,0.1,0.2,0.2,0.2
12,Aruba,NORTH AMERICA,,,,,,,,,,,,,,,,,,,,,,,,,,,,,,,,,
13,Australia,OCEANIA,,,,,0.012682938,,,,,,,0.1,0.1,0.1,0.1,0.1,0.1,0.1,0.1,0.1,0.1,0.1,0.1,0.1,0.1,0.1,0.1,0.1,0.1,0.1,0.2,0.2,0.2
14,Austria,EUROPE,,,0.010187591,,,,,,,,,0.06,0.06,0.06,0.06,0.06,0.06,0.06,0.1,0.1,0.1,0.1,0.1,0.1,0.2,0.2,0.2,0.2,0.3,0.3,0.3,0.4,0.4
15,Azerbaijan,ASIA,,,,,,,,,,,,0.06,0.06,0.06,0.06,0.06,0.06,0.06,0.06,0.06,0.06,0.06,0.06,0.06,0.06,0.06,0.06,0.06,0.1,0.1,0.1,0.1,0.1
16,Bahamas,NORTH AMERICA,0.01,,,,,,,,,,,3.6,3.8,3.9,3.9,3.8,3.7,3.6,3.5,3.3,3.2,3.2,3.1,3.0,3.0,3.0,3.0,3.0,3.1,3.1,2.9,2.8,2.8
17,Bahrain,ASIA,,,,,,,,,,,,,,,,,,,,,,,,,,,,,,,,,
18,Bangladesh,ASIA,,,,,,,,,,,,0.06,0.06,0.06,0.06,0.06,0.06,0.06,0.06,0.06,0.06,0.06,0.06,0.06,0.06,0.06,0.06,0.06,0.06,0.06,0.06,0.06,0.06
19,Barbados,NORTH AMERICA,0.02767648,,,,,,,,,,,0.06,0.06,0.1,0.1,0.1,0.1,0.2,0.2,0.3,0.4,0.4,0.5,0.6,0.7,0.8,0.9,1.1,1.2,1.3,0.9,0.9,0.9
20,Belarus,EUROPE,,,,,,,,,,,,0.06,0.06,0.06,0.06,0.06,0.06,0.06,0.06,0.06,0.1,0.1,0.1,0.1,0.1,0.2,0.2,0.2,0.2,0.2,0.3,0.4,0.4
21,Belgium,EUROPE,,,,0.014146531,,,,,,,,0.06,0.1,0.1,0.1,0.1,0.1,0.2,0.2,0.2,0.2,0.2,0.2,0.2,0.2,0.2,0.2,0.2,0.2,0.2,0.3,0.3,0.3
22,Belize,NORTH AMERICA,,,,,,,,,,,,0.5,0.7,1.0,1.2,1.4,1.5,1.6,1.8,1.9,2.0,2.2,2.2,2.3,2.4,2.4,2.4,2.4,2.4,2.4,2.4,2.4,2.3
23,Benin,AFRICA,,,,,,0.011875633,,,,,,0.2,0.4,0.5,0.7,0.9,1.1,1.3,1.4,1.4,1.4,1.4,1.4,1.4,1.3,1.3,1.3,1.2,1.2,1.2,1.2,1.2,1.2
24,Bermuda,NORTH AMERICA,,,,,,,,,,,,,,,,,,,,,,,,,,,,,,,,,
25,Bhutan,ASIA,,,,,,,,,,,,0.06,0.06,0.06,0.06,0.06,0.06,0.06,0.06,0.06,0.06,0.06,0.06,0.06,0.1,0.1,0.1,0.1,0.1,0.2,0.2,0.3,0.3
26,Bolivia,SOUTH AMERICA,,,,,,,,,,,,0.1,0.1,0.2,0.2,0.2,0.2,0.2,0.2,0.2,0.2,0.2,0.2,0.2,0.2,0.2,0.2,0.2,0.2,0.2,0.3,0.3,0.3
27,Bosnia and Herzegovina,EUROPE,,,,,,,,,,,,,,,,,,,,,,,,,,,,,,,,,
28,Botswana,AFRICA,0.105976053,,,,,,,,,,,3.5,5.1,7.3,10.1,13.3,16.6,19.7,22.2,24.1,25.3,26.0,26.3,26.3,26.1,25.8,25.5,25.3,25.1,24.9,24.1,23.7,23.4
29,Brazil,SOUTH AMERICA,0.09447913,,,,,,,,,,,0.45,0.45,0.45,0.4,0.4,0.4,0.4,0.4,0.4,0.4,0.4,0.4,0.4,0.4,0.4,0.4,0.4,0.4,0.45,0.3,0.3,0.3
30,British Virgin Islands,NORTH AMERICA,,,,,,,,,,,,,,,,,,,,,,,,,,,,,,,,,
31,Brunei,ASIA,,,,,,,,,,,,,,,,,,,,,,,,,,,,,,,,,
32,Bulgaria,EUROPE,,,,,,,,,,,,0.06,0.06,0.06,0.06,0.06,0.06,0.06,0.06,0.06,0.06,0.06,0.06,0.06,0.06,0.1,0.1,0.1,0.1,0.1,0.1,0.1,0.1
33,Burkina Faso,AFRICA,0.01,,,,,,,,,,,3.9,4.0,3.9,3.8,3.6,3.4,3.2,2.9,2.7,2.5,2.3,2.1,1.9,1.7,1.6,1.5,1.4,1.3,1.2,1.2,1.2,1.1
34,Burundi,AFRICA,0.015913875,,,,,,,,,,,3.9,4.5,5.1,5.5,5.8,5.9,5.9,5.8,5.7,5.4,5.2,5.0,4.7,4.5,4.2,4.0,3.8,3.6,3.5,1.6,1.4,1.3
35,Cambodia,ASIA,,,,,,,0.01,,,,,0.5,0.8,1.0,1.2,1.3,1.4,1.4,1.4,1.4,1.4,1.3,1.2,1.1,0.9,0.8,0.8,0.7,0.6,0.6,0.6,0.6,0.6
36,Cameroon,AFRICA,,0.012524627,,,,,,,,,,0.6,1.0,1.6,2.5,3.4,4.2,4.8,5.1,5.3,5.4,5.5,5.5,5.5,5.5,5.4,5.4,5.4,5.4,5.3,4.8,4.7,4.6
37,Canada,NORTH AMERICA,0.012998487,,,,,,,,,,,0.1,0.2,0.2,0.2,0.2,0.2,0.2,0.2,0.2,0.2,0.2,0.2,0.2,0.2,0.2,0.2,0.2,0.2,0.2,0.3,0.3,0.3
38,Cape Verde,AFRICA,,,,,,,,,,,,,,,,,,,,,,,,,,,,,,,1.0,1.0,1.0
39,Cayman Islands,NORTH AMERICA,,,,,,,,,,,,,,,,,,,,,,,,,,,,,,,,,
40,Central African Republic,AFRICA,0.113034777,,,,,,,,,,,3.1,4.6,6.3,7.9,9.0,9.7,10.1,10.1,10.0,9.8,9.4,8.9,8.4,7.8,7.2,6.6,6.1,5.5,5.1,5.1,4.9,4.6
41,Chad,AFRICA,0.039876698,,,,,,,,,,,1.1,1.3,1.5,1.7,1.9,2.1,2.3,2.5,2.7,2.9,3.0,3.2,3.3,3.4,3.4,3.5,3.5,3.5,3.4,3.2,3.2,3.1
42,Channel Islands,OTHER,,,,,,,,,,,,,,,,,,,,,,,,,,,,,,,,,
43,Chile,SOUTH AMERICA,,,,,,,0.009688619,,,,,0.06,0.06,0.1,0.1,0.1,0.1,0.1,0.1,0.2,0.2,0.2,0.3,0.3,0.3,0.3,0.3,0.4,0.4,0.4,0.5,0.5,0.5
44,China,ASIA,,,,,,,,,,,,,,,,,,,,,,,,,,,,,,,,,0.06
45,Christmas Island,ASIA,,,,,,,,,,,,,,,,,,,,,,,,,,,,,,,,,
46,Cocos Island,OTHER,,,,,,,,,,,,,,,,,,,,,,,,,,,,,,,,,
47,Colombia,SOUTH AMERICA,,,,,,0.012153094,,,,,,0.2,0.3,0.4,0.5,0.6,0.6,0.7,0.8,0.8,0.9,0.9,0.8,0.8,0.8,0.7,0.7,0.6,0.6,0.5,0.5,0.5,0.5
48,Comoros,AFRICA,,,,,,,,,,,,0.06,0.06,0.06,0.06,0.06,0.06,0.06,0.06,0.06,0.06,0.06,0.06,0.06,0.06,0.06,0.06,0.06,0.06,0.06,0.1,0.1,0.1
49,"Congo, Dem. Rep.",OTHER,,,,,,,,,,,,,,,,,,,,,,,,,,,,,,,,,
50,"Congo, Rep.",OTHER,0.01,,,,,,,,,,,5.2,5.2,5.0,4.8,4.6,4.4,4.3,4.1,4.0,3.9,3.9,3.8,3.8,3.7,3.7,3.6,3.6,3.5,3.5,3.3,3.3,3.3
51,Cook Is,OTHER,,,,,,,,,,,,,,,,,,,,,,,,,,,,,,,,,
52,Costa Rica,NORTH AMERICA,,,,,,,,,,,,0.06,0.06,0.06,0.06,0.06,0.06,0.06,0.1,0.1,0.1,0.1,0.2,0.2,0.2,0.3,0.3,0.3,0.3,0.3,0.3,0.3,0.3
53,Cote d'Ivoire,OTHER,0.123178372,,,,,,,,,,,2.4,3.3,4.4,5.5,6.4,7.1,7.4,7.5,7.4,7.2,6.9,6.5,6.1,5.7,5.3,4.8,4.4,4.1,3.7,3.4,3.2,3.0
54,Croatia,EUROPE,,,,,,,,,,,,0.06,0.06,0.06,0.06,0.06,0.06,0.06,0.06,0.06,0.06,0.06,0.06,0.06,0.06,0.06,0.06,0.06,0.06,0.06,0.06,0.06,0.06
55,Cuba,NORTH AMERICA,,,,,,,,,,,,0.06,0.06,0.06,0.06,0.06,0.06,0.06,0.06,0.06,0.06,0.06,0.06,0.06,0.06,0.1,0.1,0.1,0.1,0.1,0.1,0.2,0.2
56,Cyprus,ASIA,,,,,,,,,,,,,,,,,,,,,,,,,,,,,,,,,
57,Czech Republic,EUROPE,,,,,,,,,,,,0.06,0.06,0.06,0.06,0.06,0.06,0.06,0.06,0.06,0.06,0.06,0.06,0.06,0.06,0.06,0.06,0.06,0.06,0.06,0.06,0.06,0.06
58,Czechoslovakia,OTHER,,,,,,,,,,,,,,,,,,,,,,,,,,,,,,,,,
59,Denmark,EUROPE,,,,0.011698226,,,,,,,,0.06,0.06,0.06,0.1,0.1,0.1,0.1,0.1,0.1,0.1,0.1,0.1,0.1,0.1,0.1,0.1,0.2,0.2,0.2,0.2,0.2,0.2
60,Djibouti,AFRICA,,,,,0.012392677,,,,,,,0.9,1.1,1.4,1.7,2.0,2.3,2.5,2.7,2.8,2.9,2.9,2.9,2.9,2.8,2.7,2.7,2.6,2.6,2.6,1.6,1.5,1.4
61,Dominica,NORTH AMERICA,,,,,,,,,,,,,,,,,,,,,,,,,,,,,,,,,
62,Dominican Republic,NORTH AMERICA,0.056691281,,,,,,,,,,,0.4,0.5,0.6,0.7,0.8,0.9,0.9,1.0,1.0,1.0,1.0,0.9,0.9,0.9,0.9,0.9,0.9,0.8,0.9,0.8,0.7,0.7
63,East Germany,OTHER,,,,,,,,,,,,,,,,,,,,,,,,,,,,,,,,,
64,Ecuador,SOUTH AMERICA,0.013690696,,,,,,,,,,,0.3,0.4,0.4,0.5,0.5,0.5,0.5,0.5,0.5,0.5,0.5,0.5,0.5,0.5,0.4,0.4,0.4,0.4,0.4,0.4,0.4,0.4
65,Egypt,AFRICA,,,,,,,,,,,,0.06,0.06,0.06,0.06,0.06,0.06,0.06,0.06,0.06,0.06,0.06,0.06,0.06,0.06,0.06,0.06,0.06,0.06,0.06,0.06,0.06,0.06
66,El Salvador,NORTH AMERICA,,,,,,,0.012269586,,,,,0.1,0.2,0.2,0.2,0.3,0.4,0.4,0.5,0.6,0.7,0.7,0.8,0.8,0.8,0.8,0.8,0.8,0.8,0.8,0.6,0.6,0.6
67,Equatorial Guinea,AFRICA,0.082364934,,,,,,,,,,,0.1,0.2,0.2,0.3,0.3,0.4,0.6,0.7,0.9,1.2,1.5,1.9,2.3,2.7,3.2,3.6,4.0,4.4,4.7,4.2,4.4,4.7
68,Eritrea,AFRICA,,,,,,,0.010873503,,,,,0.3,0.4,0.6,0.8,0.9,1.1,1.1,1.2,1.2,1.2,1.2,1.2,1.1,1.1,1.0,1.0,0.9,0.9,0.8,0.7,0.7,0.6
69,Eritrea and Ethiopia,OTHER,,,,,,,,,,,,,,,,,,,,,,,,,,,,,,,,,
70,Estonia,EUROPE,,,,,,,,,,,,0.06,0.06,0.06,0.06,0.1,0.1,0.1,0.2,0.3,0.4,0.5,0.6,0.7,0.9,1.0,1.1,1.1,1.2,1.2,1.2,1.3,1.3
71,Ethiopia,AFRICA,,,,,,,,,,,,,,,,,,,,,,,,,,,,,,,1.7,1.6,1.4
72,Faeroe Islands,OTHER,,,,,,,,,,,,,,,,,,,,,,,,,,,,,,,,,
73,Falkland Is (Malvinas),OTHER,,,,,,,,,,,,,,,,,,,,,,,,,,,,,,,,,
74,Fiji,OCEANIA,,,,,,,,,,,,0.06,0.06,0.06,0.06,0.06,0.06,0.06,0.06,0.06,0.06,0.06,0.06,0.06,0.1,0.1,0.1,0.1,0.1,0.1,0.06,0.06,0.1
75,Finland,EUROPE,,,,,0.010557622,,,,,,,0.06,0.06,0.06,0.06,0.06,0.06,0.06,0.06,0.06,0.06,0.1,0.1,0.1,0.1,0.1,0.1,0.1,0.1,0.1,0.1,0.1,0.1
76,France,EUROPE,,,0.015708255,,,,,,,,,0.3,0.3,0.3,0.3,0.3,0.3,0.3,0.3,0.3,0.3,0.3,0.3,0.3,0.4,0.4,0.4,0.4,0.4,0.4,0.4,0.4,0.4
77,French Guiana,SOUTH AMERICA,,,,,,,,,,,,,,,,,,,,,,,,,,,,,,,,,
78,French Polynesia,OCEANIA,,,,,,,,,,,,,,,,,,,,,,,,,,,,,,,,,
79,Gabon,AFRICA,0.042124436,,,,,,,,,,,0.9,1.2,1.6,2.0,2.6,3.1,3.7,4.2,4.6,4.9,5.2,5.3,5.4,5.4,5.4,5.4,5.4,5.3,5.3,5.2,5.1,5.0
80,Gambia,AFRICA,,,,,,,,,,,,0.1,0.1,0.1,0.2,0.2,0.2,0.3,0.3,0.4,0.4,0.5,0.6,0.7,0.8,1.0,1.1,1.3,1.5,1.7,1.4,1.4,1.5
81,Georgia,ASIA,,,,,,,,,,,,0.06,0.06,0.06,0.06,0.06,0.06,0.06,0.06,0.06,0.06,0.06,0.06,0.06,0.1,0.1,0.1,0.1,0.1,0.1,0.2,0.2,0.2
82,Germany,EUROPE,,,,0.022875823,,,,,,,,0.1,0.1,0.1,0.1,0.1,0.1,0.1,0.1,0.1,0.1,0.1,0.1,0.1,0.1,0.1,0.1,0.1,0.1,0.1,0.1,0.1,0.1
83,Ghana,AFRICA,,,,,,,,,,,,0.3,0.4,0.7,0.9,1.3,1.7,2.0,2.2,2.3,2.3,2.3,2.3,2.2,2.1,2.1,2.0,1.9,1.9,1.8,1.6,1.5,1.5
84,Gibraltar,EUROPE,,,,,,,,,,,,,,,,,,,,,,,,,,,,,,,,,
85,Greece,EUROPE,0.018909064,,,,,,,,,,,0.1,0.1,0.1,0.1,0.1,0.1,0.1,0.1,0.1,0.1,0.1,0.1,0.1,0.1,0.1,0.1,0.1,0.1,0.1,0.2,0.2,0.2
86,Greenland,NORTH AMERICA,,,,,,,,,,,,,,,,,,,,,,,,,,,,,,,,,
87,Grenada,NORTH AMERICA,,,,,,,,,,,,,,,,,,,,,,,,,,,,,,,,,
88,Guadeloupe,NORTH AMERICA,,,,,,,,,,,,,,,,,,,,,,,,,,,,,,,,,
89,Guam,OCEANIA,,,,,,,,,,,,,,,,,,,,,,,,,,,,,,,,,
90,Guatemala,NORTH AMERICA,,,,,,,,,,,,0.1,0.1,0.1,0.2,0.2,0.2,0.3,0.3,0.4,0.4,0.5,0.5,0.5,0.6,0.6,0.7,0.7,0.7,0.8,0.7,0.7,0.8
91,Guernsey,EUROPE,,,,,,,,,,,,,,,,,,,,,,,,,,,,,,,,,
92,Guinea,AFRICA,0.015019429,,,,,,,,,,,1.1,1.3,1.5,1.7,1.8,1.8,1.8,1.8,1.8,1.8,1.7,1.7,1.6,1.6,1.5,1.5,1.4,1.4,1.4,1.4,1.4,1.4
93,Guinea-Bissau,AFRICA,,,0.009823591,,,,,,,,,0.3,0.3,0.4,0.6,0.7,0.9,1.0,1.2,1.4,1.6,1.8,2.0,2.1,2.3,2.3,2.4,2.4,2.5,2.5,2.3,2.4,2.5
94,Guyana,SOUTH AMERICA,0.030135016,,,,,,,,,,,2.8,2.7,2.6,2.5,2.3,2.2,2.1,1.9,1.8,1.6,1.5,1.4,1.3,1.3,1.2,1.1,1.1,1.0,1.2,1.2,1.1,1.1
95,Haiti,NORTH AMERICA,0.155026457,,,,,,,,,,,1.3,1.6,2.3,3.3,3.6,3.6,3.4,3.3,3.1,2.9,2.8,2.6,2.5,2.3,2.2,2.1,2.1,2.0,2.0,1.9,1.9,1.8
96,Holy See,OTHER,,,,,,,,,,,,,,,,,,,,,,,,,,,,,,,,,
97,Honduras,NORTH AMERICA,0.01,,,,,,,,,,,1.1,1.2,1.4,1.4,1.5,1.5,1.5,1.4,1.4,1.3,1.3,1.2,1.1,1.1,1.0,0.9,0.9,0.8,0.8,,,
98,"Hong Kong, China",OTHER,,,,,,,,,,,,,,,,,,,,,,,,,,,,,,,,,
99,Hungary,EUROPE,,,,,,,,,,,,0.1,0.1,0.1,0.1,0.1,0.1,0.1,0.1,0.06,0.06,0.06,0.06,0.06,0.06,0.06,0.06,0.06,0.06,0.06,0.1,0.1,0.1
100,Iceland,EUROPE,0.012373161,,,,,,,,,,,0.06,0.06,0.1,0.1,0.1,0.1,0.1,0.1,0.2,0.2,0.2,0.2,0.2,0.2,0.2,0.3,0.3,0.3,0.3,0.3,0.3,0.3
101,India,ASIA,,,,,,,,,,,,0.1,0.1,0.1,0.2,0.2,0.3,0.3,0.3,0.4,0.4,0.4,0.4,0.4,0.4,0.39,0.37,0.37,0.34,0.32,0.31,,
102,Indonesia,ASIA,,,,,,,,,,,,0.06,0.06,0.06,0.06,0.06,0.06,0.06,0.06,0.06,0.06,0.06,0.06,0.06,0.06,0.1,0.1,0.1,0.1,0.2,0.2,0.2,0.3
103,Iran,ASIA,,,,,,,,,,,,0.06,0.06,0.06,0.06,0.06,0.06,0.06,0.1,0.1,0.1,0.1,0.1,0.1,0.2,0.2,0.2,0.2,0.2,0.2,0.2,0.2,0.2
104,Iraq,ASIA,,,,,,,,,,,,,,,,,,,,,,,,,,,,,,,,,
105,Ireland,EUROPE,,,,0.015104416,,,,,,,,0.06,0.06,0.1,0.1,0.1,0.1,0.1,0.1,0.2,0.2,0.2,0.2,0.2,0.2,0.2,0.2,0.2,0.2,0.2,0.3,0.3,0.3
106,Isle of Man,EUROPE,,,,,,,,,,,,,,,,,,,,,,,,,,,,,,,,,
107,Israel,ASIA,0.012167647,,,,,,,,,,,0.06,0.1,0.1,0.1,0.1,0.1,0.1,0.1,0.1,0.1,0.1,0.1,0.1,0.2,0.2,0.2,0.2,0.2,0.2,0.2,0.2,0.2
108,Italy,EUROPE,0.01,,,,,,,,,,,0.3,0.3,0.3,0.3,0.3,0.3,0.3,0.3,0.3,0.3,0.3,0.3,0.3,0.3,0.3,0.3,0.3,0.3,0.3,0.4,0.4,0.4
109,Jamaica,NORTH AMERICA,0.014488867,,,,,,,,,,,2.1,2.2,2.2,2.2,2.2,2.2,2.1,2.1,2.0,2.0,1.9,1.9,1.9,1.8,1.8,1.8,1.7,1.7,1.7,1.8,1.8,1.8
110,Japan,ASIA,,,,,,,,,,,,0.06,0.06,0.06,0.06,0.06,0.06,0.06,0.06,0.06,0.06,0.06,0.06,0.06,0.06,0.06,0.06,0.06,0.06,0.06,0.06,0.06,0.06
111,Jersey,EUROPE,,,,,,,,,,,,,,,,,,,,,,,,,,,,,,,,,
112,Jordan,ASIA,,,,,,,,,,,,,,,,,,,,,,,,,,,,,,,,,
113,Kazakhstan,ASIA,,,,,,,,,,,,0.06,0.06,0.06,0.06,0.06,0.06,0.06,0.06,0.06,0.06,0.06,0.06,0.06,0.1,0.1,0.1,0.1,0.1,0.1,0.2,0.2,0.2
114,Kenya,AFRICA,0.07,,,,,,,,,,,3.9,5.4,7.0,8.4,9.6,10.3,10.5,10.5,10.1,9.6,9.0,8.4,7.9,7.5,7.1,6.8,6.6,6.4,6.3,6.2,6.2,6.2
115,Kiribati,OCEANIA,,,,,,,,,,,,,,,,,,,,,,,,,,,,,,,,,
116,North Korea,ASIA,,,,,,,,,,,,,,,,,,,,,,,,,,,,,,,,,
117,South Korea,ASIA,,,,,,,,,,,,0.06,0.06,0.06,0.06,0.06,0.06,0.06,0.06,0.06,0.06,0.06,0.06,0.06,0.06,0.06,0.06,0.06,0.06,0.06,0.06,0.06,0.06
118,"United Korea (former)
",OTHER,,,,,,,,,,,,,,,,,,,,,,,,,,,,,,,,,
119,Kosovo,OTHER,,,,,,,,,,,,,,,,,,,,,,,,,,,,,,,,,
120,Kuwait,ASIA,,,,,,,,,,,,,,,,,,,,,,,,,,,,,,,,,
121,Kyrgyz Republic,ASIA,,,,,,,,,,,,0.06,0.06,0.06,0.06,0.06,0.06,0.06,0.06,0.06,0.06,0.06,0.06,0.06,0.06,0.1,0.1,0.1,0.2,0.2,0.2,0.3,0.4
122,Lao,OTHER,,,,,,,,,,,,0.06,0.06,0.06,0.06,0.06,0.06,0.06,0.06,0.06,0.06,0.06,0.06,0.06,0.1,0.1,0.1,0.1,0.2,0.2,0.2,0.3,0.3
123,Latvia,EUROPE,,,,,,,,,,,,0.06,0.06,0.06,0.1,0.1,0.1,0.1,0.2,0.2,0.2,0.3,0.4,0.4,0.5,0.5,0.6,0.6,0.6,0.6,0.7,0.7,0.7
124,Lebanon,ASIA,0.012167647,,,,,,,,,,,0.06,0.06,0.06,0.1,0.1,0.1,0.1,0.1,0.1,0.1,0.2,0.2,0.2,0.2,0.2,0.1,0.1,0.1,0.1,0.1,0.1,0.1
125,Lesotho,AFRICA,,,,,,0.011079346,,,,,,0.8,1.7,3.3,5.9,9.8,14.3,18.5,21.6,23.4,24.2,24.5,24.5,24.3,24.1,23.8,23.6,23.5,23.5,23.6,23.0,23.2,23.3
126,Liberia,AFRICA,0.01185026,,,,,,,,,,,0.3,0.5,1.0,1.7,2.5,3.1,3.4,3.6,3.5,3.4,3.3,3.1,2.8,2.6,2.4,2.2,2.0,1.8,1.6,1.3,1.1,1.0
127,Libya,AFRICA,,,,,,,,,,,,,,,,,,,,,,,,,,,,,,,,,
128,Liechtenstein,EUROPE,,,,,,,,,,,,,,,,,,,,,,,,,,,,,,,,,
129,Lithuania,EUROPE,,,,,,,,,,,,0.06,0.06,0.06,0.06,0.06,0.06,0.06,0.06,0.06,0.06,0.06,0.06,0.06,0.06,0.06,0.06,0.06,0.1,0.1,0.1,0.1,0.1
130,Luxembourg,EUROPE,0.013690696,,,,,,,,,,,0.1,0.1,0.1,0.1,0.1,0.2,0.2,0.2,0.2,0.2,0.2,0.3,0.3,0.3,0.3,0.3,0.3,0.3,0.3,0.3,0.3,0.3
131,"Macao, China",OTHER,,,,,,,,,,,,,,,,,,,,,,,,,,,,,,,,,
132,"Macedonia, FYR",OTHER,,,,,,,,,,,,,,,,,,,,,,,,,,,,,,,,,
133,Madagascar,AFRICA,,,,,,,,,,,,0.2,0.2,0.2,0.2,0.2,0.2,0.2,0.2,0.2,0.2,0.2,0.2,0.2,0.2,0.2,0.2,0.2,0.2,0.2,0.3,0.3,0.3
134,Malawi,AFRICA,,0.015321148,,,,,,,,,,7.2,8.8,10.5,11.9,13.1,13.9,14.5,14.7,14.7,14.5,14.2,13.8,13.4,13.0,12.5,12.1,11.8,11.4,11.2,10.9,10.4,10.0
135,Malaysia,ASIA,,,,,,,,,0.010175238,,,0.1,0.1,0.1,0.2,0.3,0.3,0.3,0.4,0.4,0.4,0.4,0.4,0.4,0.4,0.4,0.5,0.5,0.5,0.5,0.4,0.4,0.4
136,Maldives,ASIA,,,,,,,,,,,,0.06,0.06,0.06,0.06,0.06,0.06,0.06,0.06,0.06,0.06,0.06,0.06,0.06,0.06,0.06,0.06,0.06,0.06,0.06,0.06,0.06,0.06
137,Mali,AFRICA,,,,0.012575162,,,,,,,,0.4,0.6,1.0,1.4,1.7,1.8,1.9,1.9,1.8,1.8,1.7,1.6,1.5,1.4,1.3,1.2,1.1,1.1,1.0,1.2,1.1,1.1
138,Malta,EUROPE,,,,,,,,,,,,0.06,0.06,0.06,0.06,0.1,0.1,0.1,0.1,0.1,0.1,0.1,0.1,0.1,0.1,0.1,0.1,0.1,0.1,0.1,0.1,0.1,0.1
139,Marshall Islands,OCEANIA,,,,,,,,,,,,,,,,,,,,,,,,,,,,,,,,,
140,Martinique,NORTH AMERICA,,,,,,,,,,,,,,,,,,,,,,,,,,,,,,,,,
141,Mauritania,AFRICA,,,,,,,,,,,,0.2,0.2,0.2,0.3,0.3,0.4,0.4,0.5,0.5,0.5,0.6,0.6,0.6,0.7,0.7,0.7,0.7,0.7,0.7,1.0,1.1,1.1
142,Mauritius,AFRICA,,,,,,,,,,,,0.06,0.1,0.1,0.1,0.1,0.1,0.1,0.2,0.2,0.3,0.3,0.4,0.4,0.5,0.6,0.7,0.7,0.8,0.9,1.0,1.0,1.0
143,Mayotte,AFRICA,,,,,,,,,,,,,,,,,,,,,,,,,,,,,,,,,
144,Mexico,NORTH AMERICA,0.03122474,,,,,,,,,,,0.4,0.4,0.4,0.4,0.3,0.3,0.3,0.3,0.3,0.3,0.3,0.3,0.3,0.3,0.3,0.3,0.3,0.3,0.3,0.2,0.2,0.2
145,"Micronesia, Fed. Sts.",OTHER,,,,,,,,,,,,,,,,,,,,,,,,,,,,,,,,,
146,Moldova,EUROPE,,,,,,,,,,,,0.06,0.1,0.1,0.1,0.1,0.1,0.2,0.3,0.3,0.4,0.4,0.4,0.4,0.4,0.4,0.4,0.4,0.4,0.4,0.5,0.5,0.5
147,Monaco,EUROPE,,,,,,,,,,,,,,,,,,,,,,,,,,,,,,,,,
148,Mongolia,ASIA,,,,,,,,,,,,0.06,0.06,0.06,0.06,0.06,0.06,0.06,0.06,0.06,0.06,0.06,0.06,0.06,0.06,0.06,0.06,0.06,0.06,0.06,0.06,0.06,0.06
149,Montenegro,EUROPE,,,,,,,,,,,,,,,,,,,,,,,,,,,,,,,,,
150,Montserrat,NORTH AMERICA,,,,,,,,,,,,,,,,,,,,,,,,,,,,,,,,,
151,Morocco,AFRICA,,,,,,,,,,,,0.06,0.06,0.06,0.06,0.06,0.06,0.1,0.1,0.1,0.1,0.1,0.1,0.1,0.1,0.1,0.1,0.1,0.1,0.1,0.1,0.1,0.2
152,Mozambique,AFRICA,0.075681075,,,,,,,,,,,1.2,1.6,2.1,2.7,3.4,4.1,4.9,5.8,6.7,7.7,8.6,9.4,10.1,10.6,11.0,11.2,11.3,11.4,11.4,11.3,11.3,11.3
153,Myanmar,ASIA,,,,,,,0.01,,,,,0.2,0.3,0.4,0.4,0.5,0.6,0.6,0.7,0.7,0.7,0.8,0.8,0.7,0.7,0.7,0.7,0.7,0.6,0.6,0.7,0.7,0.6
154,Namibia,AFRICA,0.016749108,,,,,,,,,,,1.6,2.2,3.0,4.1,5.5,7.1,8.9,10.7,12.5,14.1,15.3,16.1,16.5,16.5,16.2,15.7,15.0,14.3,13.7,13.7,13.6,13.4
155,Nauru,OCEANIA,,,,,,,,,,,,,,,,,,,,,,,,,,,,,,,,,
156,Nepal,ASIA,,,,,,,0.01,,,,,0.2,0.3,0.3,0.3,0.4,0.4,0.4,0.4,0.5,0.5,0.5,0.5,0.5,0.5,0.5,0.4,0.4,0.4,0.4,0.4,0.3,0.3
157,Netherlands,EUROPE,,,,0.010807512,,,,,,,,0.1,0.1,0.1,0.1,0.1,0.2,0.2,0.2,0.2,0.2,0.2,0.2,0.2,0.2,0.2,0.2,0.2,0.2,0.2,0.2,0.2,0.2
158,Netherlands Antilles,OTHER,,,,,,,,,,,,,,,,,,,,,,,,,,,,,,,,,
159,New Caledonia,OCEANIA,,,,,,,,,,,,,,,,,,,,,,,,,,,,,,,,,
160,New Zealand,OCEANIA,,,,,,,,0.01137169,,,,0.1,0.1,0.1,0.06,0.06,0.06,0.1,0.1,0.1,0.1,0.1,0.1,0.1,0.1,0.1,0.1,0.1,0.1,0.1,0.1,0.1,0.1
161,Ngorno-Karabakh,OTHER,,,,,,,,,,,,,,,,,,,,,,,,,,,,,,,,,
162,Nicaragua,NORTH AMERICA,,,,,,,,0.00951034,,,,0.06,0.06,0.06,0.1,0.1,0.1,0.1,0.1,0.1,0.1,0.1,0.1,0.1,0.1,0.2,0.2,0.2,0.2,0.2,0.2,0.2,0.2
163,Niger,AFRICA,,,,,0.011430135,,,,,,,0.1,0.1,0.2,0.3,0.4,0.6,0.7,0.9,0.9,1.0,1.0,1.0,1.0,1.0,0.9,0.9,0.9,0.8,0.8,0.8,0.8,0.8
164,Nigeria,AFRICA,0.037979687,,,,,,,,,,,1.3,2.2,3.1,3.6,3.8,4.0,4.0,4.0,4.0,4.0,3.9,3.8,3.8,3.7,3.7,3.7,3.6,3.6,3.6,3.6,3.7,3.7
165,Niue,OCEANIA,,,,,,,,,,,,,,,,,,,,,,,,,,,,,,,,,
166,Norfolk Island,OCEANIA,,,,,,,,,,,,,,,,,,,,,,,,,,,,,,,,,
167,Northern Cyprus,ASIA,,,,,,,,,,,,,,,,,,,,,,,,,,,,,,,,,
168,Northern Mariana Islands,OCEANIA,,,,,,,,,,,,,,,,,,,,,,,,,,,,,,,,,
169,Norway,EUROPE,,,,,0.014449506,,,,,,,0.06,0.06,0.1,0.1,0.1,0.1,0.1,0.1,0.1,0.1,0.1,0.1,0.1,0.1,0.1,0.1,0.1,0.1,0.1,0.1,0.1,0.1
170,Oman,ASIA,,,,,,,,,,,,0.06,0.06,0.06,0.06,0.06,0.06,0.06,0.06,0.06,0.06,0.06,0.06,0.06,0.06,0.06,0.06,0.06,0.1,0.1,,,
171,Pakistan,ASIA,,,,,,,,,,,,0.06,0.06,0.06,0.06,0.06,0.06,0.06,0.06,0.06,0.06,0.06,0.1,0.1,0.1,0.1,0.1,0.1,0.1,0.1,0.1,0.1,0.1
172,Palau,OCEANIA,,,,,,,,,,,,,,,,,,,,,,,,,,,,,,,,,
173,Panama,NORTH AMERICA,0.046410768,,,,,,,,,,,0.2,0.3,0.3,0.4,1.1,1.6,1.6,1.6,1.6,1.5,1.4,1.4,1.3,1.2,1.1,1.1,1.0,0.9,0.9,0.8,0.8,0.8
174,Papua New Guinea,OCEANIA,,,,,,,,,0.010175238,,,0.06,0.06,0.06,0.1,0.1,0.1,0.1,0.2,0.2,0.3,0.4,0.5,0.6,0.7,0.7,0.8,0.8,0.9,0.9,0.7,0.7,0.7
175,Paraguay,SOUTH AMERICA,,,,,0.00974306,,,,,,,0.06,0.1,0.2,0.2,0.2,0.2,0.2,0.2,0.3,0.3,0.3,0.3,0.3,0.3,0.3,0.3,0.3,0.3,0.3,0.3,0.3,0.3
176,Peru,SOUTH AMERICA,0.010679312,,,,,,,,,,,0.4,0.4,0.5,0.5,0.5,0.5,0.5,0.5,0.5,0.5,0.5,0.5,0.5,0.5,0.5,0.4,0.4,0.4,0.4,0.4,0.4,0.4
177,Philippines,ASIA,,,,,,,,,,,,0.06,0.06,0.06,0.06,0.06,0.06,0.06,0.06,0.06,0.06,0.06,0.06,0.06,0.06,0.06,0.06,0.06,0.06,0.06,0.06,0.06,0.06
178,Pitcairn,OTHER,,,,,,,,,,,,,,,,,,,,,,,,,,,,,,,,,
179,Poland,EUROPE,,,,,,,,,,,,0.06,0.06,0.06,0.1,0.1,0.1,0.1,0.1,0.1,0.1,0.1,0.1,0.1,0.1,0.1,0.1,0.1,0.1,0.1,0.1,0.1,0.1
180,Portugal,EUROPE,0.02050798,,,,,,,,,,,0.1,0.1,0.2,0.2,0.3,0.3,0.3,0.4,0.4,0.4,0.4,0.5,0.5,0.5,0.5,0.5,0.5,0.5,0.5,0.7,0.7,0.7
181,Puerto Rico,NORTH AMERICA,,,,,,,,,,,,,,,,,,,,,,,,,,,,,,,,,
182,Qatar,ASIA,,,,,,,,,,,,0.06,0.06,0.06,0.06,0.06,0.06,0.06,0.06,0.06,0.06,0.06,0.06,0.06,0.06,0.06,0.06,0.06,0.06,0.06,,,
183,Reunion,OTHER,,,,,,,,,,,,,,,,,,,,,,,,,,,,,,,,,
184,Romania,EUROPE,,,,,,,,,,,,0.06,0.06,0.06,0.1,0.1,0.1,0.1,0.1,0.1,0.1,0.1,0.1,0.1,0.1,0.1,0.1,0.1,0.1,0.1,0.1,0.1,0.1
185,Russia,EUROPE,,,,,,,,,,,,0.06,0.06,0.06,0.06,0.06,0.06,0.06,0.06,0.1,0.1,0.3,0.5,0.6,0.8,0.8,0.9,0.9,0.9,1.0,,,
186,Rwanda,AFRICA,0.01,,,,,,,,,,,5.2,5.2,5.1,5.0,4.9,4.7,4.5,4.3,4.2,4.0,3.8,3.7,3.6,3.4,3.2,3.1,3.0,2.9,2.9,3.0,3.0,2.9
187,St. Barthélemy,OTHER,,,,,,,,,,,,,,,,,,,,,,,,,,,,,,,,,
188,St. Helena,OTHER,,,,,,,,,,,,,,,,,,,,,,,,,,,,,,,,,
189,St. Kitts and Nevis,NORTH AMERICA,,,,,,,,,,,,,,,,,,,,,,,,,,,,,,,,,
190,St. Lucia,NORTH AMERICA,,,,,,,,,,,,,,,,,,,,,,,,,,,,,,,,,
191,St. Martin,NORTH AMERICA,,,,,,,,,,,,,,,,,,,,,,,,,,,,,,,,,
192,St. Vincent and the Grenadines,OTHER,,,,,,,,,,,,,,,,,,,,,,,,,,,,,,,,,
193,St.-Pierre-et-Miquelon,OTHER,,,,,,,,,,,,,,,,,,,,,,,,,,,,,,,,,
194,Samoa,OCEANIA,,,,,,,,,,,,,,,,,,,,,,,,,,,,,,,,,
195,San Marino,EUROPE,,,,,,,,,,,,,,,,,,,,,,,,,,,,,,,,,
196,Sao Tome and Principe,AFRICA,,,,,,,,,,,,,,,,,,,,,,,,,,,,,,,1.0,1.0,1.0
197,Saudi Arabia,ASIA,,,,,,,,,,,,,,,,,,,,,,,,,,,,,,,,,
198,Senegal,AFRICA,,,0.00952155,,,,,,,,,0.2,0.2,0.2,0.3,0.3,0.4,0.4,0.5,0.5,0.5,0.6,0.6,0.7,0.7,0.7,0.8,0.8,0.8,0.8,0.7,0.7,0.7
199,Serbia,EUROPE,,,,,,,0.01,,,,,0.1,0.1,0.1,0.1,0.1,0.1,0.06,0.06,0.06,0.06,0.06,0.06,0.1,0.1,0.1,0.1,0.1,0.1,0.1,0.1,0.1,0.1
200,Serbia and Montenegro,OTHER,,,,,,,,,,,,,,,,,,,,,,,,,,,,,,,,,
201,Serbia excluding Kosovo,OTHER,,,,,,,,,,,,,,,,,,,,,,,,,,,,,,,,,
202,Seychelles,AFRICA,,,,,,,,,,,,,,,,,,,,,,,,,,,,,,,,,
203,Sierra Leone,AFRICA,,,,,,,0.011022285,,,,,0.06,0.06,0.1,0.1,0.1,0.2,0.3,0.4,0.6,0.8,0.9,1.1,1.2,1.3,1.4,1.5,1.6,1.6,1.6,1.6,1.6,1.6
204,Singapore,ASIA,,,,,,,,,,,,0.06,0.06,0.1,0.1,0.1,0.1,0.1,0.1,0.1,0.1,0.1,0.1,0.1,0.1,0.1,0.1,0.1,0.1,0.1,0.1,0.1,0.1
205,Slovak Republic,EUROPE,,,,,,,,,,,,0.06,0.06,0.06,0.06,0.06,0.06,0.06,0.06,0.06,0.06,0.06,0.06,0.06,0.06,0.06,0.06,0.06,0.06,0.06,0.06,0.06,0.06
206,Slovenia,EUROPE,,,,,,,,,,,,0.06,0.06,0.06,0.06,0.06,0.06,0.06,0.06,0.06,0.06,0.06,0.06,0.06,0.06,0.06,0.06,0.06,0.06,0.06,0.06,0.1,0.1
207,Solomon Islands,OCEANIA,,,,,,,,,,,,,,,,,,,,,,,,,,,,,,,,,
208,Somalia,AFRICA,,,,,,,,,0.010400419,,,0.1,0.1,0.1,0.1,0.1,0.1,0.1,0.2,0.2,0.2,0.2,0.3,0.3,0.3,0.4,0.4,0.5,0.6,0.6,0.7,0.7,0.7
209,Somaliland,AFRICA,,,,,,,,,,,,,,,,,,,,,,,,,,,,,,,,,
210,South Africa,AFRICA,,,0.014208589,,,,,,,,,0.7,1.2,1.8,2.9,4.3,6.1,8.4,10.7,12.9,14.8,16.1,17.1,17.7,18.0,18.1,18.1,18.1,18.0,17.9,17.2,17.3,17.3
211,South Ossetia,OTHER,,,,,,,,,,,,,,,,,,,,,,,,,,,,,,,,,
212,Spain,EUROPE,0.01,,,,,,,,,,,0.4,0.4,0.4,0.5,0.5,0.5,0.4,0.4,0.4,0.4,0.4,0.4,0.4,0.4,0.4,0.4,0.4,0.4,0.4,0.4,0.4,0.4
213,Sri Lanka,ASIA,,,,,,,,,,,,0.06,0.06,0.06,0.06,0.06,0.06,0.06,0.06,0.06,0.06,0.06,0.06,0.06,0.06,0.06,0.06,0.06,0.06,0.06,0.06,0.06,0.06
214,Sudan,AFRICA,0.062390639,,,,,,,,,,,0.1,0.1,0.1,0.1,0.1,0.2,0.2,0.2,0.3,0.3,0.3,0.4,0.4,0.5,0.6,0.6,0.7,0.8,1.0,0.4,0.4,0.4
215,Suriname,SOUTH AMERICA,,0.011931256,,,,,,,,,,0.1,0.2,0.2,0.4,0.6,0.7,0.9,0.9,1.0,1.0,1.0,1.0,1.0,1.0,1.0,1.1,1.0,1.0,1.0,1.2,1.1,1.0
216,Svalbard,EUROPE,,,,,,,,,,,,,,,,,,,,,,,,,,,,,,,,,
217,Swaziland,AFRICA,,,,0.01097002,,,,,,,,2.3,3.2,4.4,6.1,8.1,10.6,13.3,16.0,18.5,20.6,22.3,23.6,24.5,25.1,25.5,25.6,25.7,25.8,25.9,25.8,25.9,26.0
218,Sweden,EUROPE,,,,,0.019136463,,,,,,,0.1,0.1,0.1,0.1,0.1,0.1,0.1,0.1,0.1,0.1,0.1,0.1,0.1,0.1,0.1,0.1,0.1,0.1,0.1,0.2,0.2,0.2
219,Switzerland,EUROPE,,,,,,,0.054022769,,,,,0.2,0.2,0.3,0.3,0.3,0.3,0.3,0.3,0.3,0.3,0.3,0.3,0.3,0.3,0.3,0.3,0.4,0.4,0.4,0.4,0.4,0.4
220,Syria,ASIA,,,,,,,,,,,,,,,,,,,,,,,,,,,,,,,,,
221,Taiwan,ASIA,,,,,,,,,,,,,,,,,,,,,,,,,,,,,,,,,
222,Tajikistan,ASIA,,,,,,,,,,,,0.06,0.06,0.06,0.06,0.06,0.1,0.1,0.1,0.1,0.1,0.1,0.1,0.1,0.1,0.1,0.1,0.2,0.2,0.2,0.2,0.2,0.3
223,Tanzania,AFRICA,0.01,,,,,,,,,,,4.8,5.7,6.5,7.1,7.6,7.8,7.9,7.9,7.7,7.5,7.3,7.1,6.8,6.6,6.4,6.2,6.0,5.9,5.8,5.8,5.8,5.8
224,Thailand,ASIA,,,,,,,0.01,,,,,1.0,1.5,1.8,2.0,2.1,2.1,2.1,2.0,2.0,1.9,1.8,1.7,1.6,1.5,1.5,1.5,1.4,1.4,1.3,1.3,1.2,1.2
225,Timor-Leste,OTHER,,,,,,,,,,,,,,,,,,,,,,,,,,,,,,,,,
226,Togo,AFRICA,0.009898522,,,,,,,,,,,0.6,0.8,1.2,1.6,2.0,2.5,2.9,3.1,3.4,3.5,3.6,3.6,3.6,3.5,3.5,3.4,3.3,3.3,3.2,3.6,3.5,3.4
227,Tokelau,OCEANIA,,,,,,,,,,,,,,,,,,,,,,,,,,,,,,,,,
228,Tonga,OCEANIA,,,,,,,,,,,,,,,,,,,,,,,,,,,,,,,,,
229,Transnistria,OTHER,,,,,,,,,,,,,,,,,,,,,,,,,,,,,,,,,
230,Trinidad and Tobago,NORTH AMERICA,,,,0.010653031,,,,,,,,0.2,0.3,0.4,0.5,0.6,0.8,0.9,1.0,1.1,1.1,1.2,1.2,1.2,1.3,1.3,1.3,1.4,1.4,1.5,1.5,1.5,1.5
231,Tunisia,AFRICA,,,,,,,,,,,,0.06,0.06,0.06,0.06,0.06,0.06,0.06,0.06,0.06,0.06,0.06,0.06,0.06,0.06,0.06,0.06,0.06,0.06,0.06,0.06,0.06,0.06
232,Turkey,ASIA,,,,,,,,,,,,0.06,0.06,0.06,0.06,0.06,0.06,0.06,0.06,0.06,0.06,0.06,0.06,0.06,0.06,0.06,0.06,0.06,0.06,0.06,0.06,0.06,0.06
233,Turkmenistan,ASIA,,,,,,,,,,,,,,,,,,,,,,,,,,,,,,,,,
234,Turks and Caicos Islands,NORTH AMERICA,,,,,,,,,,,,,,,,,,,,,,,,,,,,,,,,,
235,Tuvalu,OCEANIA,,,,,,,,,,,,,,,,,,,,,,,,,,,,,,,,,
236,Uganda,AFRICA,0.01,,,,,,,,,,,10.2,10.7,10.5,10.2,9.8,9.3,8.8,8.4,8.0,7.6,7.3,7.0,6.8,6.6,6.4,6.4,6.3,6.3,6.4,6.9,7.0,7.2
237,Ukraine,EUROPE,,,,,,,,,,,,0.1,0.2,0.2,0.2,0.3,0.3,0.4,0.5,0.7,0.8,0.9,0.9,1.0,1.1,1.1,1.1,1.1,1.1,1.1,0.9,0.8,0.8
238,United Arab Emirates,ASIA,,,,,,,,,,,,,,,,,,,,,,,,,,,,,,,,,
239,United Kingdom,EUROPE,,,,,0.019257422,,,,,,,0.1,0.1,0.1,0.1,0.1,0.1,0.1,0.1,0.1,0.1,0.1,0.1,0.2,0.2,0.2,0.2,0.2,0.2,0.2,0.3,0.3,0.3
240,United States,NORTH AMERICA,0.031764078,,,,,,,,,,,0.5,0.5,0.5,0.5,0.5,0.5,0.5,0.5,0.5,0.5,0.5,0.5,0.5,0.5,0.5,0.6,0.6,0.6,0.6,0.6,0.6,0.6
241,Uruguay,SOUTH AMERICA,0.009697302,,,,,,,,,,,0.1,0.1,0.1,0.1,0.1,0.2,0.2,0.2,0.2,0.3,0.3,0.4,0.4,0.5,0.5,0.5,0.5,0.5,0.5,0.6,0.6,0.6
242,USSR,OTHER,,,,,,,,,,,,,,,,,,,,,,,,,,,,,,,,,
243,Uzbekistan,ASIA,,,,,,,,,,,,0.06,0.06,0.06,0.06,0.06,0.06,0.06,0.06,0.06,0.06,0.06,0.06,0.06,0.06,0.06,0.06,0.1,0.1,0.1,,,
244,Wallis et Futuna,OTHER,,,,,,,,,,,,,,,,,,,,,,,,,,,,,,,,,
245,Vanuatu,OCEANIA,,,,,,,,,,,,,,,,,,,,,,,,,,,,,,,,,
246,Venezuela,SOUTH AMERICA,,,,,,,,,,,,,,,,,,,,,,,,,,,,,,,0.5,0.5,0.5
247,West Bank and Gaza,OTHER,,,,,,,,,,,,,,,,,,,,,,,,,,,,,,,,,
248,West Germany,OTHER,,,,,,,,,,,,,,,,,,,,,,,,,,,,,,,,,
249,Western Sahara,OTHER,,,,,,,,,,,,,,,,,,,,,,,,,,,,,,,,,
250,Vietnam,ASIA,,,,,,,,,,,,0.06,0.06,0.06,0.1,0.1,0.1,0.1,0.1,0.2,0.2,0.2,0.3,0.3,0.3,0.4,0.4,0.4,0.4,0.4,0.4,0.5,0.5
251,Virgin Islands (U.S.),OTHER,,,,,,,,,,,,,,,,,,,,,,,,,,,,,,,,,
252,North Yemen (former),OTHER,,,,,,,,,,,,,,,,,,,,,,,,,,,,,,,,,
253,South Yemen (former),OTHER,,,,,,,,,,,,,,,,,,,,,,,,,,,,,,,,,
254,Yemen,ASIA,,,,,,,,,,,,,,,,,,,,,,,,,,,,,,,0.2,0.2,0.2
255,Yugoslavia,OTHER,,,,,,,,,,,,,,,,,,,,,,,,,,,,,,,,,
256,Zambia,AFRICA,0.01,,,,,,,,,,,12.7,13.6,14.2,14.6,14.9,15.0,14.9,14.8,14.7,14.6,14.4,14.3,14.2,14.1,14.0,13.9,13.8,13.7,13.6,12.9,12.7,12.5
257,Zimbabwe,AFRICA,0.01,,,,,,,,,,,10.1,13.6,17.2,20.6,23.3,25.1,26.2,26.5,26.3,25.7,24.8,23.7,22.5,21.1,19.8,18.4,17.2,16.1,15.1,15.7,15.2,14.9
258,Åland,OTHER,,,,,,,,,,,,,,,,,,,,,,,,,,,,,,,,,
259,South Sudan,AFRICA,,,,,,,,,,,,,,,,,,,,,,,,,,,,,,,,,3.1
260,Christian,OTHER,,,,,,,,,,,,,,,,,,,,,,,,,,,,,,,,,
261,Coastline,OTHER,,,,,,,,,,,,,,,,,,,,,,,,,,,,,,,,,
262,Curaçao,NORTH AMERICA,,,,,,,,,,,,,,,,,,,,,,,,,,,,,,,,,
263,Sint Maarten (Dutch part),OTHER,,,,,,,,,,,,,,,,,,,,,,,,,,,,,,,,,
264,St. Martin (French part),OTHER,,,,,,,,,,,,,,,,,,,,,,,,,,,,,,,,,
265,Antarctica,OTHER,,,,,,,,,,,,,,,,,,,,,,,,,,,,,,,,,
266,"Virgin Islands, British",NORTH AMERICA,,,,,,,,,,,,,,,,,,,,,,,,,,,,,,,,,
267,Hawaiian Trade Zone,OTHER,,,,,,,,,,,,,,,,,,,,,,,,,,,,,,,,,
268,U.S. Pacific Islands,OTHER,,,,,,,,,,,,,,,,,,,,,,,,,,,,,,,,,
269,Wake Island,OTHER,,,,,,,,,,,,,,,,,,,,,,,,,,,,,,,,,
270,Bonaire,NORTH AMERICA,,,,,,,,,,,,,,,,,,,,,,,,,,,,,,,,,
271,Sark,OTHER,,,,,,,,,,,,,,,,,,,,,,,,,,,,,,,,,
272,Chinese Taipei,OTHER,,,,,,,,,,,,,,,,,,,,,,,,,,,,,,,,,
273,Saint Eustatius,OTHER,,,,,,,,,,,,,,,,,,,,,,,,,,,,,,,,,
274,Saba,NORTH AMERICA,,,,,,,,,,,,,,,,,,,,,,,,,,,,,,,,,
